Feature,Importance
Operating_System,0.1703
Patch_Status,0.1137
Vulnerability_Count,0.096
Suspicious_Activity_Flags,0.0756
Compliance_Posture_Score,0.0694
Antivirus_Status,0.0689
Device_Type,0.0675
Previous_Security_Incidents,0.0673
Attack_Surface_Index,0.0566
Failed_Login_Attempts,0.0486
Encryption_Enabled,0.0404
Security_Updates_Pending,0.0335
Open_Ports_Count,0.0318
Device_Age_Months,0.0262
Firmware_Age_Months,0.0213
Vulnerability_Firmware_Ratio,0.0062
Access_Frequency_Score,0.0043
Average_Daily_Traffic_MB,0.0025
